"DESCRIPTION","DURATION IN MS","NAME","PARENT SUITE","START TIME","STATUS","STOP TIME","SUB SUITE","SUITE","TEST CLASS","TEST METHOD"
"","5399","TC-018 - Cliquer sur Proceed to checkout","firefox","2026-08-10","passed","2026-08-10","Proceed to checkout","Sprint_3___Panier/automatisation/tests/proceed-checkout.spec.ts","",""
"","8271","TC-015 - Message de confirmation affiché après Confirm","chromium","2026-08-10","passed","2026-08-10","Confirmation de commande","Sprint_4___Checkout/automatisation/tests/confirmation.spec.ts","",""
"","8717","TC-011 - Sélectionner une méthode de paiement valide","firefox","2026-08-10","passed","2026-08-10","Méthode de paiement","Sprint_4___Checkout/automatisation/tests/payment-method.spec.ts","",""
"","1589","TC-018 - Élément propre à /account affiché après login","chromium","2026-08-10","passed","2026-08-10","Login","Sprint_1___Access-management/automatisation/tests/login.spec.ts","",""
"","5046","TC-005 - Vérifier la présence des 5 champs obligatoires","chromium","2026-08-10","passed","2026-08-10","Billing Address","Sprint_4___Checkout/automatisation/tests/billing-address.spec.ts","",""
"","3508","TC-009 - Mot de passe 10 caractères","firefox","2026-08-10","passed","2026-08-10","Register","Sprint_1___Access-management/automatisation/tests/register.spec.ts","",""
"","5605","TC-001 - Vérifier la présence de la barre de recherche","firefox","2026-08-10","passed","2026-08-10","Recherche produit","Sprint_2___Catalogue/automatisation/tests/search.spec.ts","",""
"","1053","TC-001 - Vérifier la présence de la barre de recherche","chromium","2026-08-10","passed","2026-08-10","Recherche produit","Sprint_2___Catalogue/automatisation/tests/search.spec.ts","",""
"","7145","TC-008 - Mot de passe 9 caractères","chromium","2026-08-10","failed","2026-08-10","Register","Sprint_1___Access-management/automatisation/tests/register.spec.ts","",""
"","7200","TC-014 - Supprimer un produit parmi plusieurs","firefox","2026-08-10","failed","2026-08-10","Suppression panier","Sprint_3___Panier/automatisation/tests/delete.spec.ts","",""
"","6807","TC-017 - Nav catégorie valide (redirection correcte)","chromium","2026-08-10","failed","2026-08-10","Filtre par catégorie","Sprint_2___Catalogue/automatisation/tests/category.spec.ts","",""
"","1797","TC-024 - Cocher eco-friendly - seuls produits éco affichés","chromium","2026-08-10","failed","2026-08-10","Filtre par marque et Sustainability","Sprint_2___Catalogue/automatisation/tests/brand.spec.ts","",""
"","5873","TC-009 - Vérifier la présence du select de méthode de paiement","chromium","2026-08-10","passed","2026-08-10","Méthode de paiement","Sprint_4___Checkout/automatisation/tests/payment-method.spec.ts","",""
"","1923","TC-021 - Email inexistant","chromium","2026-08-10","passed","2026-08-10","Forgot your password","Sprint_1___Access-management/automatisation/tests/forgot-password.spec.ts","",""
"","3475","TC-007 - Modifier la quantité (mise à jour correcte)","chromium","2026-08-10","passed","2026-08-10","Quantité panier","Sprint_3___Panier/automatisation/tests/quantity-cart.spec.ts","",""
"","8705","TC-012 - Vérifier la présence des champs Account name et Account number","firefox","2026-08-10","passed","2026-08-10","Informations de paiement","Sprint_4___Checkout/automatisation/tests/payment-info.spec.ts","",""
"","3519","TC-023 - Vérifier la présence du bouton de déconnexion","firefox","2026-08-10","passed","2026-08-10","Logout","Sprint_1___Access-management/automatisation/tests/logout.spec.ts","",""
"","6078","TC-025 - Session détruite après logout","firefox","2026-08-10","passed","2026-08-10","Logout","Sprint_1___Access-management/automatisation/tests/logout.spec.ts","",""
"","7401","TC-027 - Nom de l'utilisateur affiché dans le menu après connexion","firefox","2026-08-10","failed","2026-08-10","Menu utilisateur connecté","Sprint_1___Access-management/automatisation/tests/navbar.spec.ts","",""
"","3189","TC-026 - Accès /account après logout","chromium","2026-08-10","passed","2026-08-10","Logout","Sprint_1___Access-management/automatisation/tests/logout.spec.ts","",""
"","1559","TC-012 - Login avec email inexistant","chromium","2026-08-10","passed","2026-08-10","Login","Sprint_1___Access-management/automatisation/tests/login.spec.ts","",""
"","3146","TC-017 - Vérifier la présence du bouton Proceed to checkout","chromium","2026-08-10","passed","2026-08-10","Proceed to checkout","Sprint_3___Panier/automatisation/tests/proceed-checkout.spec.ts","",""
"","6923","TC-009 - Vérifier la présence du select de méthode de paiement","firefox","2026-08-10","passed","2026-08-10","Méthode de paiement","Sprint_4___Checkout/automatisation/tests/payment-method.spec.ts","",""
"","1322","TC-018 - Aucune catégorie UNDEFINED dans l'interface","chromium","2026-08-10","failed","2026-08-10","Filtre par catégorie","Sprint_2___Catalogue/automatisation/tests/category.spec.ts","",""
"","9022","TC-014 - Champs remplis (accès à la confirmation)","chromium","2026-08-10","passed","2026-08-10","Informations de paiement","Sprint_4___Checkout/automatisation/tests/payment-info.spec.ts","",""
"","3053","TC-005 - Register avec champs obligatoires vides","firefox","2026-08-10","passed","2026-08-10","Register","Sprint_1___Access-management/automatisation/tests/register.spec.ts","",""
"","4432","TC-011 - Tri CO₂ Rating (Best First)","firefox","2026-08-10","passed","2026-08-10","Tri des produits","Sprint_2___Catalogue/automatisation/tests/sort.spec.ts","",""
"","3992","TC-003 - Recherche avec terme inexistant","firefox","2026-08-10","passed","2026-08-10","Recherche produit","Sprint_2___Catalogue/automatisation/tests/search.spec.ts","",""
"","4163","TC-012 - Tri CO₂ Rating (Worst First)","firefox","2026-08-10","passed","2026-08-10","Tri des produits","Sprint_2___Catalogue/automatisation/tests/sort.spec.ts","",""
"","3664","TC-036 - Produit apparaît dans la liste des favoris","chromium","2026-08-10","passed","2026-08-10","Add to favourites","Sprint_2___Catalogue/automatisation/tests/favourites.spec.ts","",""
"","7495","TC-016 - Supprimer le dernier produit","firefox","2026-08-10","failed","2026-08-10","Suppression panier","Sprint_3___Panier/automatisation/tests/delete.spec.ts","",""
"","4779","TC-007 - Champs obligatoires vides","chromium","2026-08-10","passed","2026-08-10","Billing Address","Sprint_4___Checkout/automatisation/tests/billing-address.spec.ts","",""
"","5529","TC-009 - Quantité négative (soumission bloquée)","firefox","2026-08-10","failed","2026-08-10","Quantité panier","Sprint_3___Panier/automatisation/tests/quantity-cart.spec.ts","",""
"","1362","TC-004 - Register avec email mal formaté","chromium","2026-08-10","passed","2026-08-10","Register","Sprint_1___Access-management/automatisation/tests/register.spec.ts","",""
"","2827","TC-006 - Vérifier la présence du select de tri","firefox","2026-08-10","passed","2026-08-10","Tri des produits","Sprint_2___Catalogue/automatisation/tests/sort.spec.ts","",""
"","6838","TC-026 - Modifier valeur min - produits filtrés correctement","firefox","2026-08-10","failed","2026-08-10","Filtre par fourchette de prix","Sprint_2___Catalogue/automatisation/tests/price.spec.ts","",""
"","3420","TC-018 - Cliquer sur Proceed to checkout","chromium","2026-08-10","passed","2026-08-10","Proceed to checkout","Sprint_3___Panier/automatisation/tests/proceed-checkout.spec.ts","",""
"","3618","TC-028 - Option de déconnexion visible dans le menu","firefox","2026-08-10","passed","2026-08-10","Menu utilisateur connecté","Sprint_1___Access-management/automatisation/tests/navbar.spec.ts","",""
"","8523","TC-008 - Formulaire complet (passage vers Payment)","firefox","2026-08-10","passed","2026-08-10","Billing Address","Sprint_4___Checkout/automatisation/tests/billing-address.spec.ts","",""
"","11627","TC-014 - Champs remplis (accès à la confirmation)","firefox","2026-08-10","passed","2026-08-10","Informations de paiement","Sprint_4___Checkout/automatisation/tests/payment-info.spec.ts","",""
"","4320","TC-007 - Tri des noms de produits (A-Z)","firefox","2026-08-10","failed","2026-08-10","Tri des produits","Sprint_2___Catalogue/automatisation/tests/sort.spec.ts","",""
"","6394","TC-036 - Produit apparaît dans la liste des favoris","firefox","2026-08-10","passed","2026-08-10","Add to favourites","Sprint_2___Catalogue/automatisation/tests/favourites.spec.ts","",""
"","3325","TC-009 - Quantité négative (soumission bloquée)","chromium","2026-08-10","failed","2026-08-10","Quantité panier","Sprint_3___Panier/automatisation/tests/quantity-cart.spec.ts","",""
"","9920","TC-005 - Ajouter le même produit plusieurs fois","firefox","2026-08-10","failed","2026-08-10","Add to cart","Sprint_3___Panier/automatisation/tests/add-to-cart.spec.ts","",""
"","4022","TC-004 - Recherche vide","firefox","2026-08-10","passed","2026-08-10","Recherche produit","Sprint_2___Catalogue/automatisation/tests/search.spec.ts","",""
"","4481","TC-013 - Login avec mauvais mot de passe","firefox","2026-08-10","passed","2026-08-10","Login","Sprint_1___Access-management/automatisation/tests/login.spec.ts","",""
"","3897","TC-026 - Modifier valeur min - produits filtrés correctement","chromium","2026-08-10","failed","2026-08-10","Filtre par fourchette de prix","Sprint_2___Catalogue/automatisation/tests/price.spec.ts","",""
"","3425","TC-008 - Quantité à 0 (soumission bloquée ou remise à 1)","chromium","2026-08-10","failed","2026-08-10","Quantité panier","Sprint_3___Panier/automatisation/tests/quantity-cart.spec.ts","",""
"","2041","TC-033 - Vérifier la présence du bouton Add to favourites","chromium","2026-08-10","passed","2026-08-10","Add to favourites","Sprint_2___Catalogue/automatisation/tests/favourites.spec.ts","",""
"","8804","TC-007 - Champs obligatoires vides","firefox","2026-08-10","passed","2026-08-10","Billing Address","Sprint_4___Checkout/automatisation/tests/billing-address.spec.ts","",""
"","6684","TC-024 - Logout > redirection vers /auth/login","firefox","2026-08-10","passed","2026-08-10","Logout","Sprint_1___Access-management/automatisation/tests/logout.spec.ts","",""
"","4848","TC-017 - Login réussi > redirection /account","firefox","2026-08-10","passed","2026-08-10","Login","Sprint_1___Access-management/automatisation/tests/login.spec.ts","",""
"","9986","TC-013 - Champs vides","firefox","2026-08-10","passed","2026-08-10","Informations de paiement","Sprint_4___Checkout/automatisation/tests/payment-info.spec.ts","",""
"","6687","TC-030 - Cliquer sur + (quantité incrémente de 1)","firefox","2026-08-10","failed","2026-08-10","Sélecteur de quantité (page produit)","Sprint_2___Catalogue/automatisation/tests/quantity.spec.ts","",""
"","2139","TC-007 - Mot de passe 8 caractères","chromium","2026-08-10","passed","2026-08-10","Register","Sprint_1___Access-management/automatisation/tests/register.spec.ts","",""
"","2557","TC-012 - Tri CO₂ Rating (Worst First)","chromium","2026-08-10","passed","2026-08-10","Tri des produits","Sprint_2___Catalogue/automatisation/tests/sort.spec.ts","",""
"","3601","TC-033 - Vérifier la présence du bouton Add to favourites","firefox","2026-08-10","passed","2026-08-10","Add to favourites","Sprint_2___Catalogue/automatisation/tests/favourites.spec.ts","",""
"","1427","TC-022 - Champ email vide","firefox","2026-08-10","passed","2026-08-10","Forgot your password","Sprint_1___Access-management/automatisation/tests/forgot-password.spec.ts","",""
"","3551","TC-011 - Modifier la quantité (total par ligne mis à jour)","chromium","2026-08-10","failed","2026-08-10","Total panier","Sprint_3___Panier/automatisation/tests/total.spec.ts","",""
"","1223","TC-005 - Bouton de recherche présent","chromium","2026-08-10","passed","2026-08-10","Recherche produit","Sprint_2___Catalogue/automatisation/tests/search.spec.ts","",""
"","5239","TC-011 - Modifier la quantité (total par ligne mis à jour)","firefox","2026-08-10","failed","2026-08-10","Total panier","Sprint_3___Panier/automatisation/tests/total.spec.ts","",""
"","5687","TC-011 - Sélectionner une méthode de paiement valide","chromium","2026-08-10","passed","2026-08-10","Méthode de paiement","Sprint_4___Checkout/automatisation/tests/payment-method.spec.ts","",""
"","2558","TC-006 - Register avec date de naissance vide","chromium","2026-08-10","passed","2026-08-10","Register","Sprint_1___Access-management/automatisation/tests/register.spec.ts","",""
"","3900","TC-003 - Register avec email déjà utilisé","firefox","2026-08-10","passed","2026-08-10","Register","Sprint_1___Access-management/automatisation/tests/register.spec.ts","",""
"","1025","TC-011 - Vérifier la présence des champs email et mot de passe","chromium","2026-08-10","passed","2026-08-10","Login","Sprint_1___Access-management/automatisation/tests/login.spec.ts","",""
"","3175","TC-015 - Cocher plusieurs catégories (produits combinés)","chromium","2026-08-10","passed","2026-08-10","Filtre par catégorie","Sprint_2___Catalogue/automatisation/tests/category.spec.ts","",""
"","4560","TC-010 - Total par ligne correct (prix × quantité initiale)","firefox","2026-08-10","failed","2026-08-10","Total panier","Sprint_3___Panier/automatisation/tests/total.spec.ts","",""
"","1590","TC-021 - Email inexistant","firefox","2026-08-10","passed","2026-08-10","Forgot your password","Sprint_1___Access-management/automatisation/tests/forgot-password.spec.ts","",""
"","1574","TC-017 - Login réussi > redirection /account","chromium","2026-08-10","passed","2026-08-10","Login","Sprint_1___Access-management/automatisation/tests/login.spec.ts","",""
"","2130","TC-015 - Login avec mot de passe vide","chromium","2026-08-10","passed","2026-08-10","Login","Sprint_1___Access-management/automatisation/tests/login.spec.ts","",""
"","1945","TC-008 - Tri des noms de produits (Z-A)","chromium","2026-08-10","failed","2026-08-10","Tri des produits","Sprint_2___Catalogue/automatisation/tests/sort.spec.ts","",""
"","6683","TC-012 - Total général = somme de tous les totaux par ligne","firefox","2026-08-10","failed","2026-08-10","Total panier","Sprint_3___Panier/automatisation/tests/total.spec.ts","",""
"","2513","TC-011 - Vérifier la présence des champs email et mot de passe","firefox","2026-08-10","passed","2026-08-10","Login","Sprint_1___Access-management/automatisation/tests/login.spec.ts","",""
"","2320","TC-014 - Cocher une catégorie","chromium","2026-08-10","passed","2026-08-10","Filtre par catégorie","Sprint_2___Catalogue/automatisation/tests/category.spec.ts","",""
"","5567","TC-035 - Cliquer en étant connecté - produit ajouté aux favoris","firefox","2026-08-10","passed","2026-08-10","Add to favourites","Sprint_2___Catalogue/automatisation/tests/favourites.spec.ts","",""
"","3499","TC-029 - Vérifier présence du sélecteur de quantité","chromium","2026-08-10","passed","2026-08-10","Sélecteur de quantité (page produit)","Sprint_2___Catalogue/automatisation/tests/quantity.spec.ts","",""
"","2353","TC-010 - Mot de passe 11 caractères","chromium","2026-08-10","passed","2026-08-10","Register","Sprint_1___Access-management/automatisation/tests/register.spec.ts","",""
"","1810","TC-019 - Lien Forgot your password visible sur la page Login","chromium","2026-08-10","passed","2026-08-10","Forgot your password","Sprint_1___Access-management/automatisation/tests/forgot-password.spec.ts","",""
"","2823","TC-013 - Vérifier la présence du bouton de suppression","chromium","2026-08-10","passed","2026-08-10","Suppression panier","Sprint_3___Panier/automatisation/tests/delete.spec.ts","",""
"","3624","TC-022 - Décocher une marque - filtre retiré","firefox","2026-08-10","passed","2026-08-10","Filtre par marque et Sustainability","Sprint_2___Catalogue/automatisation/tests/brand.spec.ts","",""
"","7209","TC-005 - Vérifier la présence des 5 champs obligatoires","firefox","2026-08-10","passed","2026-08-10","Billing Address","Sprint_4___Checkout/automatisation/tests/billing-address.spec.ts","",""
"","2521","TC-016 - Login avec email mal formaté","chromium","2026-08-10","passed","2026-08-10","Login","Sprint_1___Access-management/automatisation/tests/login.spec.ts","",""
"","2661","TC-004 - Register avec email mal formaté","firefox","2026-08-10","passed","2026-08-10","Register","Sprint_1___Access-management/automatisation/tests/register.spec.ts","",""
"","2638","TC-020 - Cocher une marque - seuls ses produits affichés","chromium","2026-08-10","passed","2026-08-10","Filtre par marque et Sustainability","Sprint_2___Catalogue/automatisation/tests/brand.spec.ts","",""
"","3475","TC-024 - Cocher eco-friendly - seuls produits éco affichés","firefox","2026-08-10","failed","2026-08-10","Filtre par marque et Sustainability","Sprint_2___Catalogue/automatisation/tests/brand.spec.ts","",""
"","6993","TC-015 - Total du panier mis à jour après suppression","firefox","2026-08-10","failed","2026-08-10","Suppression panier","Sprint_3___Panier/automatisation/tests/delete.spec.ts","",""
"","8075","TC-007 - Modifier la quantité (mise à jour correcte)","firefox","2026-08-10","passed","2026-08-10","Quantité panier","Sprint_3___Panier/automatisation/tests/quantity-cart.spec.ts","",""
"","1555","TC-013 - Login avec mauvais mot de passe","chromium","2026-08-10","passed","2026-08-10","Login","Sprint_1___Access-management/automatisation/tests/login.spec.ts","",""
"","6959","TC-008 - Quantité à 0 (soumission bloquée ou remise à 1)","firefox","2026-08-10","failed","2026-08-10","Quantité panier","Sprint_3___Panier/automatisation/tests/quantity-cart.spec.ts","",""
"","2140","TC-023 - Vérifier la présence du bouton de déconnexion","chromium","2026-08-10","passed","2026-08-10","Logout","Sprint_1___Access-management/automatisation/tests/logout.spec.ts","",""
"","5315","TC-013 - Vérifier la présence des checkboxes de catégories","firefox","2026-08-10","passed","2026-08-10","Filtre par catégorie","Sprint_2___Catalogue/automatisation/tests/category.spec.ts","",""
"","5191","TC-018 - Élément propre à /account affiché après login","firefox","2026-08-10","passed","2026-08-10","Login","Sprint_1___Access-management/automatisation/tests/login.spec.ts","",""
"","10291","TC-017 - Nav catégorie valide (redirection correcte)","firefox","2026-08-10","failed","2026-08-10","Filtre par catégorie","Sprint_2___Catalogue/automatisation/tests/category.spec.ts","",""
"","7910","TC-006 - Vérifier le titre de la section Billing Address","firefox","2026-08-10","failed","2026-08-10","Billing Address","Sprint_4___Checkout/automatisation/tests/billing-address.spec.ts","",""
"","2029","TC-028 - Option de déconnexion visible dans le menu","chromium","2026-08-10","passed","2026-08-10","Menu utilisateur connecté","Sprint_1___Access-management/automatisation/tests/navbar.spec.ts","",""
"","5033","TC-016 - Login avec email mal formaté","firefox","2026-08-10","passed","2026-08-10","Login","Sprint_1___Access-management/automatisation/tests/login.spec.ts","",""
"","4603","TC-015 - Total du panier mis à jour après suppression","chromium","2026-08-10","failed","2026-08-10","Suppression panier","Sprint_3___Panier/automatisation/tests/delete.spec.ts","",""
"","2644","TC-009 - Mot de passe 10 caractères","chromium","2026-08-10","passed","2026-08-10","Register","Sprint_1___Access-management/automatisation/tests/register.spec.ts","",""
"","2147","TC-001 - Vérifier la présence du bouton Add to cart","chromium","2026-08-10","passed","2026-08-10","Add to cart","Sprint_3___Panier/automatisation/tests/add-to-cart.spec.ts","",""
"","4896","TC-002 - Login avec credentials valides (accès vers Billing Address)","firefox","2026-08-10","passed","2026-08-10","Sign In dans le checkout","Sprint_4___Checkout/automatisation/tests/signin.spec.ts","",""
"","2170","TC-002 - Recherche avec terme valide","chromium","2026-08-10","passed","2026-08-10","Recherche produit","Sprint_2___Catalogue/automatisation/tests/search.spec.ts","",""
"","2588","TC-022 - Décocher une marque - filtre retiré","chromium","2026-08-10","passed","2026-08-10","Filtre par marque et Sustainability","Sprint_2___Catalogue/automatisation/tests/brand.spec.ts","",""
"","3748","TC-001 - Vérifier que la section Sign In est accessible depuis le checkout","firefox","2026-08-10","passed","2026-08-10","Sign In dans le checkout","Sprint_4___Checkout/automatisation/tests/signin.spec.ts","",""
"","2266","TC-019 - Vérifier la présence des checkboxes de marques","firefox","2026-08-10","passed","2026-08-10","Filtre par marque et Sustainability","Sprint_2___Catalogue/automatisation/tests/brand.spec.ts","",""
"","3991","TC-009 - Tri Price (High-Low)","firefox","2026-08-10","failed","2026-08-10","Tri des produits","Sprint_2___Catalogue/automatisation/tests/sort.spec.ts","",""
"","4216","TC-002 - Login avec credentials valides (accès vers Billing Address)","chromium","2026-08-10","passed","2026-08-10","Sign In dans le checkout","Sprint_4___Checkout/automatisation/tests/signin.spec.ts","",""
"","3222","TC-006 - Vérifier la présence du champ de quantité","chromium","2026-08-10","passed","2026-08-10","Quantité panier","Sprint_3___Panier/automatisation/tests/quantity-cart.spec.ts","",""
"","4937","TC-007 - Mot de passe 8 caractères","firefox","2026-08-10","passed","2026-08-10","Register","Sprint_1___Access-management/automatisation/tests/register.spec.ts","",""
"","4325","TC-004 - Ajouter plusieurs produits différents","chromium","2026-08-10","passed","2026-08-10","Add to cart","Sprint_3___Panier/automatisation/tests/add-to-cart.spec.ts","",""
"","8440","TC-027 - Modifier valeur max - produits filtrés correctement","firefox","2026-08-10","failed","2026-08-10","Filtre par fourchette de prix","Sprint_2___Catalogue/automatisation/tests/price.spec.ts","",""
"","5343","TC-031 - Cliquer sur - (quantité décrémente de 1)","firefox","2026-08-10","failed","2026-08-10","Sélecteur de quantité (page produit)","Sprint_2___Catalogue/automatisation/tests/quantity.spec.ts","",""
"","6197","TC-032 - Quantité minimum - impossible de descendre sous 1","firefox","2026-08-10","passed","2026-08-10","Sélecteur de quantité (page produit)","Sprint_2___Catalogue/automatisation/tests/quantity.spec.ts","",""
"","3028","TC-020 - Cocher une marque - seuls ses produits affichés","firefox","2026-08-10","passed","2026-08-10","Filtre par marque et Sustainability","Sprint_2___Catalogue/automatisation/tests/brand.spec.ts","",""
"","2971","TC-006 - Register avec date de naissance vide","firefox","2026-08-10","passed","2026-08-10","Register","Sprint_1___Access-management/automatisation/tests/register.spec.ts","",""
"","2780","TC-030 - Cliquer sur + (quantité incrémente de 1)","chromium","2026-08-10","failed","2026-08-10","Sélecteur de quantité (page produit)","Sprint_2___Catalogue/automatisation/tests/quantity.spec.ts","",""
"","3149","TC-035 - Cliquer en étant connecté - produit ajouté aux favoris","chromium","2026-08-10","passed","2026-08-10","Add to favourites","Sprint_2___Catalogue/automatisation/tests/favourites.spec.ts","",""
"","5756","TC-004 - Ajouter plusieurs produits différents","firefox","2026-08-10","passed","2026-08-10","Add to cart","Sprint_3___Panier/automatisation/tests/add-to-cart.spec.ts","",""
"","4141","TC-010 - Tri Price (Low-High)","firefox","2026-08-10","failed","2026-08-10","Tri des produits","Sprint_2___Catalogue/automatisation/tests/sort.spec.ts","",""
"","6382","TC-013 - Champs vides","chromium","2026-08-10","passed","2026-08-10","Informations de paiement","Sprint_4___Checkout/automatisation/tests/payment-info.spec.ts","",""
"","2935","TC-002 - Register avec données valides","chromium","2026-08-10","passed","2026-08-10","Register","Sprint_1___Access-management/automatisation/tests/register.spec.ts","",""
"","3095","TC-029 - Vérifier présence du sélecteur de quantité","firefox","2026-08-10","passed","2026-08-10","Sélecteur de quantité (page produit)","Sprint_2___Catalogue/automatisation/tests/quantity.spec.ts","",""
"","1807","TC-004 - Recherche vide","chromium","2026-08-10","passed","2026-08-10","Recherche produit","Sprint_2___Catalogue/automatisation/tests/search.spec.ts","",""
"","2769","TC-001 - Vérifier que la section Sign In est accessible depuis le checkout","chromium","2026-08-10","passed","2026-08-10","Sign In dans le checkout","Sprint_4___Checkout/automatisation/tests/signin.spec.ts","",""
"","7882","TC-008 - Mot de passe 9 caractères","firefox","2026-08-10","failed","2026-08-10","Register","Sprint_1___Access-management/automatisation/tests/register.spec.ts","",""
"","1342","TC-023 - Vérifier présence checkbox Sustainability","chromium","2026-08-10","passed","2026-08-10","Filtre par marque et Sustainability","Sprint_2___Catalogue/automatisation/tests/brand.spec.ts","",""
"","7145","TC-010 - Vérifier que toutes les options du select sont valides","firefox","2026-08-10","failed","2026-08-10","Méthode de paiement","Sprint_4___Checkout/automatisation/tests/payment-method.spec.ts","",""
"","4840","TC-014 - Cocher une catégorie","firefox","2026-08-10","passed","2026-08-10","Filtre par catégorie","Sprint_2___Catalogue/automatisation/tests/category.spec.ts","",""
"","4000","TC-023 - Vérifier présence checkbox Sustainability","firefox","2026-08-10","passed","2026-08-10","Filtre par marque et Sustainability","Sprint_2___Catalogue/automatisation/tests/brand.spec.ts","",""
"","4102","TC-012 - Total général = somme de tous les totaux par ligne","chromium","2026-08-10","failed","2026-08-10","Total panier","Sprint_3___Panier/automatisation/tests/total.spec.ts","",""
"","5406","TC-008 - Formulaire complet (passage vers Payment)","chromium","2026-08-10","passed","2026-08-10","Billing Address","Sprint_4___Checkout/automatisation/tests/billing-address.spec.ts","",""
"","3856","TC-008 - Tri des noms de produits (Z-A)","firefox","2026-08-10","failed","2026-08-10","Tri des produits","Sprint_2___Catalogue/automatisation/tests/sort.spec.ts","",""
"","5138","TC-004 - Register depuis le checkout (redirection vers Billing Address)","firefox","2026-08-10","failed","2026-08-10","Sign In dans le checkout","Sprint_4___Checkout/automatisation/tests/signin.spec.ts","",""
"","2213","TC-010 - Tri Price (Low-High)","chromium","2026-08-10","failed","2026-08-10","Tri des produits","Sprint_2___Catalogue/automatisation/tests/sort.spec.ts","",""
"","6963","TC-002 - Recherche avec terme valide","firefox","2026-08-10","passed","2026-08-10","Recherche produit","Sprint_2___Catalogue/automatisation/tests/search.spec.ts","",""
"","5110","TC-004 - Register depuis le checkout (redirection vers Billing Address)","chromium","2026-08-10","failed","2026-08-10","Sign In dans le checkout","Sprint_4___Checkout/automatisation/tests/signin.spec.ts","",""
"","12134","TC-015 - Message de confirmation affiché après Confirm","firefox","2026-08-10","passed","2026-08-10","Confirmation de commande","Sprint_4___Checkout/automatisation/tests/confirmation.spec.ts","",""
"","2019","TC-022 - Champ email vide","chromium","2026-08-10","passed","2026-08-10","Forgot your password","Sprint_1___Access-management/automatisation/tests/forgot-password.spec.ts","",""
"","2721","TC-011 - Tri CO₂ Rating (Best First)","chromium","2026-08-10","passed","2026-08-10","Tri des produits","Sprint_2___Catalogue/automatisation/tests/sort.spec.ts","",""
"","6008","TC-005 - Bouton de recherche présent","firefox","2026-08-10","passed","2026-08-10","Recherche produit","Sprint_2___Catalogue/automatisation/tests/search.spec.ts","",""
"","4790","TC-015 - Login avec mot de passe vide","firefox","2026-08-10","passed","2026-08-10","Login","Sprint_1___Access-management/automatisation/tests/login.spec.ts","",""
"","5139","TC-016 - Décocher une catégorie","firefox","2026-08-10","passed","2026-08-10","Filtre par catégorie","Sprint_2___Catalogue/automatisation/tests/category.spec.ts","",""
"","1166","TC-006 - Vérifier la présence du select de tri","chromium","2026-08-10","passed","2026-08-10","Tri des produits","Sprint_2___Catalogue/automatisation/tests/sort.spec.ts","",""
"","4626","TC-014 - Supprimer un produit parmi plusieurs","chromium","2026-08-10","failed","2026-08-10","Suppression panier","Sprint_3___Panier/automatisation/tests/delete.spec.ts","",""
"","4631","TC-003 - Login avec credentials invalides","firefox","2026-08-10","passed","2026-08-10","Sign In dans le checkout","Sprint_4___Checkout/automatisation/tests/signin.spec.ts","",""
"","4268","TC-005 - Ajouter le même produit plusieurs fois","chromium","2026-08-10","failed","2026-08-10","Add to cart","Sprint_3___Panier/automatisation/tests/add-to-cart.spec.ts","",""
"","2747","TC-019 - Lien Forgot your password visible sur la page Login","firefox","2026-08-10","passed","2026-08-10","Forgot your password","Sprint_1___Access-management/automatisation/tests/forgot-password.spec.ts","",""
"","989","TC-005 - Register avec champs obligatoires vides","chromium","2026-08-10","passed","2026-08-10","Register","Sprint_1___Access-management/automatisation/tests/register.spec.ts","",""
"","3201","TC-010 - Mot de passe 11 caractères","firefox","2026-08-10","passed","2026-08-10","Register","Sprint_1___Access-management/automatisation/tests/register.spec.ts","",""
"","3024","TC-016 - Supprimer le dernier produit","chromium","2026-08-10","failed","2026-08-10","Suppression panier","Sprint_3___Panier/automatisation/tests/delete.spec.ts","",""
"","5493","TC-026 - Accès /account après logout","firefox","2026-08-10","passed","2026-08-10","Logout","Sprint_1___Access-management/automatisation/tests/logout.spec.ts","",""
"","1177","TC-001 - Vérifier la présence des champs obligatoires","chromium","2026-08-10","passed","2026-08-10","Register","Sprint_1___Access-management/automatisation/tests/register.spec.ts","",""
"","1745","TC-025 - Vérifier présence du slider de prix","chromium","2026-08-10","passed","2026-08-10","Filtre par fourchette de prix","Sprint_2___Catalogue/automatisation/tests/price.spec.ts","",""
"","4725","TC-017 - Vérifier la présence du bouton Proceed to checkout","firefox","2026-08-10","passed","2026-08-10","Proceed to checkout","Sprint_3___Panier/automatisation/tests/proceed-checkout.spec.ts","",""
"","2851","TC-010 - Total par ligne correct (prix × quantité initiale)","chromium","2026-08-10","failed","2026-08-10","Total panier","Sprint_3___Panier/automatisation/tests/total.spec.ts","",""
"","7276","TC-002 - Ajouter un produit (présent dans le panier)","firefox","2026-08-10","passed","2026-08-10","Add to cart","Sprint_3___Panier/automatisation/tests/add-to-cart.spec.ts","",""
"","5240","TC-021 - Cocher plusieurs marques - produits combinés","firefox","2026-08-10","passed","2026-08-10","Filtre par marque et Sustainability","Sprint_2___Catalogue/automatisation/tests/brand.spec.ts","",""
"","3733","TC-003 - Login avec credentials invalides","chromium","2026-08-10","passed","2026-08-10","Sign In dans le checkout","Sprint_4___Checkout/automatisation/tests/signin.spec.ts","",""
"","4600","TC-013 - Vérifier la présence du bouton de suppression","firefox","2026-08-10","passed","2026-08-10","Suppression panier","Sprint_3___Panier/automatisation/tests/delete.spec.ts","",""
"","4573","TC-014 - Login avec email vide","firefox","2026-08-10","passed","2026-08-10","Login","Sprint_1___Access-management/automatisation/tests/login.spec.ts","",""
"","2532","TC-021 - Cocher plusieurs marques - produits combinés","chromium","2026-08-10","passed","2026-08-10","Filtre par marque et Sustainability","Sprint_2___Catalogue/automatisation/tests/brand.spec.ts","",""
"","4974","TC-015 - Cocher plusieurs catégories (produits combinés)","firefox","2026-08-10","passed","2026-08-10","Filtre par catégorie","Sprint_2___Catalogue/automatisation/tests/category.spec.ts","",""
"","2131","TC-003 - Recherche avec terme inexistant","chromium","2026-08-10","passed","2026-08-10","Recherche produit","Sprint_2___Catalogue/automatisation/tests/search.spec.ts","",""
"","4748","TC-006 - Vérifier la présence du champ de quantité","firefox","2026-08-10","passed","2026-08-10","Quantité panier","Sprint_3___Panier/automatisation/tests/quantity-cart.spec.ts","",""
"","1179","TC-019 - Vérifier la présence des checkboxes de marques","chromium","2026-08-10","passed","2026-08-10","Filtre par marque et Sustainability","Sprint_2___Catalogue/automatisation/tests/brand.spec.ts","",""
"","3298","TC-025 - Session détruite après logout","chromium","2026-08-10","passed","2026-08-10","Logout","Sprint_1___Access-management/automatisation/tests/logout.spec.ts","",""
"","2980","TC-002 - Ajouter un produit (présent dans le panier)","chromium","2026-08-10","passed","2026-08-10","Add to cart","Sprint_3___Panier/automatisation/tests/add-to-cart.spec.ts","",""
"","2699","TC-025 - Vérifier présence du slider de prix","firefox","2026-08-10","passed","2026-08-10","Filtre par fourchette de prix","Sprint_2___Catalogue/automatisation/tests/price.spec.ts","",""
"","2235","TC-032 - Quantité minimum - impossible de descendre sous 1","chromium","2026-08-10","passed","2026-08-10","Sélecteur de quantité (page produit)","Sprint_2___Catalogue/automatisation/tests/quantity.spec.ts","",""
"","2781","TC-003 - Register avec email déjà utilisé","chromium","2026-08-10","passed","2026-08-10","Register","Sprint_1___Access-management/automatisation/tests/register.spec.ts","",""
"","6334","TC-012 - Vérifier la présence des champs Account name et Account number","chromium","2026-08-10","passed","2026-08-10","Informations de paiement","Sprint_4___Checkout/automatisation/tests/payment-info.spec.ts","",""
"","3189","TC-016 - Décocher une catégorie","chromium","2026-08-10","passed","2026-08-10","Filtre par catégorie","Sprint_2___Catalogue/automatisation/tests/category.spec.ts","",""
"","5242","TC-028 - Valeurs limites (1€ et 200€) - comportement stable","chromium","2026-08-10","passed","2026-08-10","Filtre par fourchette de prix","Sprint_2___Catalogue/automatisation/tests/price.spec.ts","",""
"","2292","TC-014 - Login avec email vide","chromium","2026-08-10","passed","2026-08-10","Login","Sprint_1___Access-management/automatisation/tests/login.spec.ts","",""
"","2651","TC-031 - Cliquer sur - (quantité décrémente de 1)","chromium","2026-08-10","failed","2026-08-10","Sélecteur de quantité (page produit)","Sprint_2___Catalogue/automatisation/tests/quantity.spec.ts","",""
"","2837","TC-001 - Vérifier la présence des champs obligatoires","firefox","2026-08-10","passed","2026-08-10","Register","Sprint_1___Access-management/automatisation/tests/register.spec.ts","",""
"","6153","TC-001 - Vérifier la présence du bouton Add to cart","firefox","2026-08-10","passed","2026-08-10","Add to cart","Sprint_3___Panier/automatisation/tests/add-to-cart.spec.ts","",""
"","6025","TC-010 - Vérifier que toutes les options du select sont valides","chromium","2026-08-10","failed","2026-08-10","Méthode de paiement","Sprint_4___Checkout/automatisation/tests/payment-method.spec.ts","",""
"","1014","TC-013 - Vérifier la présence des checkboxes de catégories","chromium","2026-08-10","passed","2026-08-10","Filtre par catégorie","Sprint_2___Catalogue/automatisation/tests/category.spec.ts","",""
"","2180","TC-009 - Tri Price (High-Low)","chromium","2026-08-10","failed","2026-08-10","Tri des produits","Sprint_2___Catalogue/automatisation/tests/sort.spec.ts","",""
"","4289","TC-012 - Login avec email inexistant","firefox","2026-08-10","passed","2026-08-10","Login","Sprint_1___Access-management/automatisation/tests/login.spec.ts","",""
"","2856","TC-002 - Register avec données valides","firefox","2026-08-10","passed","2026-08-10","Register","Sprint_1___Access-management/automatisation/tests/register.spec.ts","",""
"","3423","TC-024 - Logout > redirection vers /auth/login","chromium","2026-08-10","passed","2026-08-10","Logout","Sprint_1___Access-management/automatisation/tests/logout.spec.ts","",""
"","4595","TC-006 - Vérifier le titre de la section Billing Address","chromium","2026-08-10","failed","2026-08-10","Billing Address","Sprint_4___Checkout/automatisation/tests/billing-address.spec.ts","",""
"","2878","TC-018 - Aucune catégorie UNDEFINED dans l'interface","firefox","2026-08-10","failed","2026-08-10","Filtre par catégorie","Sprint_2___Catalogue/automatisation/tests/category.spec.ts","",""
"","12150","TC-028 - Valeurs limites (1€ et 200€) - comportement stable","firefox","2026-08-10","passed","2026-08-10","Filtre par fourchette de prix","Sprint_2___Catalogue/automatisation/tests/price.spec.ts","",""
"","2276","TC-007 - Tri des noms de produits (A-Z)","chromium","2026-08-10","failed","2026-08-10","Tri des produits","Sprint_2___Catalogue/automatisation/tests/sort.spec.ts","",""
"","5005","TC-027 - Modifier valeur max - produits filtrés correctement","chromium","2026-08-10","failed","2026-08-10","Filtre par fourchette de prix","Sprint_2___Catalogue/automatisation/tests/price.spec.ts","",""
"","6311","TC-027 - Nom de l'utilisateur affiché dans le menu après connexion","chromium","2026-08-10","failed","2026-08-10","Menu utilisateur connecté","Sprint_1___Access-management/automatisation/tests/navbar.spec.ts","",""
